Satisfaction Score,Complaints Raised,Complaints Resolved,Complaint Resolution Ratio,Resolution Time (hours),Feedback Sentiment,Revenue Generated (USD),Service Renewal Likelihood (%),Client Communication Rating,Past Renewals,Churn Risk
10,10,8,0.8,10,Positive,85658,99,2,3,Medium
1,15,7,0.4666666666666667,4,Positive,423544,97,8,3,Low
2,3,2,0.6666666666666666,1,Neutral,73900,95,9,0,Low
10,9,2,0.2222222222222222,39,Positive,297887,65,10,0,High
9,6,2,0.3333333333333333,10,Negative,484131,69,10,4,High
7,11,3,0.2727272727272727,17,Negative,183788,77,7,0,High
10,1,0,0.0,27,Neutral,49944,98,1,0,Medium
6,0,0,0.0,56,Positive,237006,86,4,0,Medium
8,10,10,1.0,53,Neutral,418502,75,8,2,High
10,15,2,0.13333333333333333,56,Negative,104479,83,2,1,Medium
1,12,10,0.8333333333333334,38,Positive,359555,69,3,2,High
2,12,7,0.5833333333333334,35,Negative,247156,52,5,1,High
4,3,0,0.0,50,Negative,422499,97,4,3,High
7,11,4,0.36363636363636365,29,Positive,379514,77,9,5,Low
7,11,6,0.5454545454545454,11,Neutral,190365,69,2,4,Low
7,14,7,0.5,59,Negative,179926,63,3,0,Medium
2,14,6,0.42857142857142855,41,Neutral,472633,59,8,0,High
4,14,9,0.6428571428571429,45,Negative,109692,71,2,5,Medium
5,3,0,0.0,15,Positive,319984,80,9,4,Medium
5,13,10,0.7692307692307693,35,Negative,223509,61,4,0,Low
1,10,6,0.6,46,Positive,181026,93,4,4,Medium
7,12,8,0.6666666666666666,69,Neutral,441068,72,5,5,Medium
7,4,1,0.25,22,Negative,466442,63,8,3,Medium
6,2,2,1.0,37,Positive,400965,85,8,2,Medium
5,1,0,0.0,52,Neutral,270462,95,2,1,High
7,2,1,0.5,44,Positive,228539,75,5,4,High
3,6,5,0.8333333333333334,29,Positive,132981,83,6,4,High
2,2,0,0.0,22,Positive,12232,78,3,2,Low
9,11,2,0.18181818181818182,66,Negative,36418,58,6,2,Medium
8,12,6,0.5,11,Positive,410115,70,8,5,Medium
2,7,1,0.14285714285714285,68,Positive,11621,86,2,3,High
1,8,4,0.5,53,Negative,275351,91,6,1,Low
5,14,14,1.0,18,Neutral,222773,68,5,5,Low
8,2,0,0.0,35,Negative,331270,54,4,3,High
4,1,1,1.0,56,Positive,110340,54,9,2,High
6,4,0,0.0,33,Neutral,68478,95,10,4,Low
7,11,11,1.0,44,Positive,399882,60,5,1,Low
5,5,2,0.4,6,Neutral,36621,90,1,4,High
5,11,4,0.36363636363636365,50,Negative,27571,65,9,5,High
5,11,1,0.09090909090909091,55,Neutral,21064,58,8,2,Medium
5,10,4,0.4,32,Negative,220407,63,5,5,High
9,13,13,1.0,5,Positive,231174,51,3,2,Medium
3,11,8,0.7272727272727273,28,Neutral,356429,93,7,0,Medium
3,11,10,0.9090909090909091,17,Negative,449759,52,8,5,High
9,13,12,0.9230769230769231,45,Neutral,429539,63,4,1,Medium
2,11,9,0.8181818181818182,27,Neutral,484567,55,9,3,Medium
8,9,4,0.4444444444444444,37,Neutral,104498,56,5,5,High
4,0,0,0.0,17,Negative,422519,51,2,4,Medium
9,5,0,0.0,46,Positive,61326,67,1,5,High
4,0,0,0.0,2,Neutral,378569,84,8,2,Medium
1,15,14,0.9333333333333333,15,Positive,415301,73,5,3,High
2,6,5,0.8333333333333334,5,Positive,461914,70,10,1,Medium
8,13,10,0.7692307692307693,23,Negative,321431,55,3,3,Medium
9,1,0,0.0,66,Neutral,422655,65,9,4,High
8,12,2,0.16666666666666666,50,Negative,181945,96,7,0,High
1,7,6,0.8571428571428571,56,Positive,43678,80,2,0,High
2,8,2,0.25,63,Positive,15572,80,6,0,Low
7,11,10,0.9090909090909091,62,Negative,216682,52,5,1,Low
9,15,6,0.4,34,Positive,321842,86,7,4,High
4,12,2,0.16666666666666666,56,Negative,154237,70,3,3,High
1,4,0,0.0,58,Neutral,378918,81,8,5,High
2,10,6,0.6,39,Negative,247054,90,3,1,Medium
3,10,8,0.8,67,Negative,376529,87,9,1,Low
3,15,5,0.3333333333333333,33,Positive,493606,57,3,0,High
7,12,5,0.4166666666666667,69,Negative,478366,88,9,2,High
7,2,0,0.0,72,Positive,335393,71,7,1,Low
4,10,3,0.3,5,Neutral,76777,80,2,2,High
1,7,5,0.7142857142857143,60,Positive,191298,81,8,3,Medium
9,4,3,0.75,22,Neutral,171997,90,10,1,High
9,0,0,0.0,64,Positive,359278,89,9,5,High
6,5,1,0.2,40,Negative,417053,87,7,5,Low
10,14,14,1.0,30,Neutral,343137,59,3,5,High
3,4,2,0.5,52,Positive,169282,76,5,5,Low
4,10,2,0.2,38,Positive,251149,97,7,0,High
6,2,0,0.0,57,Positive,30232,89,2,5,Low
3,11,6,0.5454545454545454,60,Neutral,356824,93,6,2,Medium
2,11,6,0.5454545454545454,41,Neutral,464153,57,8,4,Low
9,1,1,1.0,48,Neutral,222864,79,10,4,High
7,10,3,0.3,42,Neutral,456936,69,9,0,Medium
10,7,7,1.0,11,Negative,40947,79,8,3,Medium
7,0,0,0.0,48,Positive,21024,75,8,4,High
6,1,0,0.0,59,Positive,110351,75,2,1,High
2,11,1,0.09090909090909091,46,Neutral,278236,85,5,5,Medium
10,13,9,0.6923076923076923,45,Positive,311183,60,9,3,Low
10,8,3,0.375,35,Neutral,359739,94,1,4,High
5,12,9,0.75,38,Negative,468560,98,2,3,Medium
3,15,1,0.06666666666666667,64,Neutral,387525,52,5,4,Low
10,3,2,0.6666666666666666,32,Neutral,264785,98,4,1,Medium
5,8,2,0.25,35,Negative,96962,72,1,1,Medium
6,4,2,0.5,64,Neutral,231574,93,3,4,Low
10,0,0,0.0,47,Positive,389607,93,7,4,High
10,5,0,0.0,35,Neutral,216663,83,10,1,High
10,3,1,0.3333333333333333,7,Neutral,471824,74,7,4,High
4,14,4,0.2857142857142857,42,Negative,75578,95,1,4,Low
5,13,8,0.6153846153846154,48,Negative,309097,86,4,0,Low
9,15,11,0.7333333333333333,43,Neutral,112835,96,3,0,Medium
6,7,2,0.2857142857142857,61,Positive,240148,95,10,3,Low
6,6,1,0.16666666666666666,11,Positive,183490,68,2,0,Medium
2,3,1,0.3333333333333333,23,Negative,13621,84,9,2,Medium
5,6,4,0.6666666666666666,13,Positive,415577,81,5,5,Medium
10,4,2,0.5,31,Negative,279887,84,1,3,Medium
10,0,0,0.0,33,Negative,107171,66,6,4,High
9,4,3,0.75,15,Negative,254958,93,3,1,Low
2,2,1,0.5,16,Negative,126151,99,5,0,Low
6,6,2,0.3333333333333333,56,Negative,38508,61,6,3,Medium
2,13,6,0.46153846153846156,43,Neutral,58099,86,7,1,Medium
1,10,6,0.6,6,Positive,386886,97,5,3,High
6,6,4,0.6666666666666666,63,Negative,210142,83,4,5,Low
7,4,0,0.0,23,Positive,398625,67,4,3,Medium
9,9,6,0.6666666666666666,8,Negative,39059,95,2,2,Low
3,1,1,1.0,47,Positive,499028,66,1,2,Low
7,9,0,0.0,61,Negative,377250,91,6,5,Medium
3,12,8,0.6666666666666666,15,Neutral,259465,69,9,3,Medium
10,1,0,0.0,30,Neutral,214363,82,4,2,Low
10,3,3,1.0,32,Negative,91337,64,4,0,Low
10,12,4,0.3333333333333333,54,Negative,490814,52,9,4,High
6,0,0,0.0,53,Positive,235598,52,7,0,Low
5,11,0,0.0,7,Negative,183778,69,9,5,High
7,9,4,0.4444444444444444,26,Positive,389312,98,4,2,Medium
9,8,6,0.75,29,Positive,401536,85,6,4,Medium
3,0,0,0.0,59,Neutral,403176,76,3,1,High
5,12,2,0.16666666666666666,16,Positive,332299,55,6,5,Low
4,12,1,0.08333333333333333,47,Positive,346440,82,1,5,Low
4,12,9,0.75,40,Positive,67564,94,4,3,Medium
8,0,0,0.0,34,Neutral,244439,50,6,5,High
3,6,5,0.8333333333333334,34,Negative,81204,78,8,0,Low
1,8,7,0.875,27,Negative,102663,66,8,5,Medium
10,9,9,1.0,2,Negative,194570,83,9,1,Medium
1,7,3,0.42857142857142855,50,Neutral,309727,92,9,2,Low
9,6,0,0.0,12,Negative,270329,80,10,1,High
10,11,8,0.7272727272727273,24,Neutral,359733,73,10,0,Medium
6,8,6,0.75,33,Negative,456535,80,7,2,Medium
8,2,0,0.0,38,Negative,347453,92,3,2,Low
3,14,1,0.07142857142857142,21,Positive,21675,86,3,1,Low
2,8,8,1.0,30,Neutral,152685,97,9,4,Low
4,10,5,0.5,36,Neutral,172471,66,6,5,Low
2,8,6,0.75,11,Negative,98450,85,9,4,High
5,12,10,0.8333333333333334,71,Negative,35521,92,3,2,Medium
5,1,0,0.0,51,Positive,319626,57,2,0,Medium
8,4,0,0.0,13,Neutral,493589,58,3,3,Low
9,0,0,0.0,55,Positive,233475,88,7,5,Medium
9,5,3,0.6,49,Neutral,62549,58,6,3,Low
4,12,0,0.0,70,Neutral,249692,52,2,5,Low
7,2,2,1.0,33,Neutral,321892,70,10,4,High
7,1,0,0.0,54,Negative,409006,82,5,2,High
3,15,9,0.6,56,Neutral,58835,68,4,0,Low
4,1,1,1.0,31,Neutral,149202,53,10,3,Medium
5,14,2,0.14285714285714285,42,Positive,330761,83,9,1,High
2,5,1,0.2,52,Positive,171161,88,8,1,Low
1,14,13,0.9285714285714286,46,Positive,496004,95,1,0,Medium
9,12,3,0.25,26,Negative,256389,83,6,0,High
3,8,8,1.0,63,Negative,423420,61,1,0,Low
9,3,0,0.0,48,Negative,31048,76,3,4,Medium
4,9,5,0.5555555555555556,36,Positive,99519,61,10,3,Low
3,11,11,1.0,64,Neutral,384781,52,10,3,High
3,13,4,0.3076923076923077,48,Negative,145459,62,2,1,Low
5,9,0,0.0,12,Neutral,178182,99,4,2,High
10,11,9,0.8181818181818182,45,Neutral,115080,71,9,3,Low
9,6,4,0.6666666666666666,53,Negative,396797,98,5,4,High
4,2,1,0.5,17,Negative,378595,59,6,0,Low
4,0,0,0.0,48,Negative,499932,73,3,4,Medium
6,7,3,0.42857142857142855,30,Positive,71256,66,9,3,High
8,12,10,0.8333333333333334,38,Negative,475577,55,2,4,High
2,3,1,0.3333333333333333,61,Negative,323217,98,7,5,Low
5,13,10,0.7692307692307693,56,Positive,291282,70,6,3,High
8,15,2,0.13333333333333333,48,Negative,42447,64,1,4,High
8,5,2,0.4,45,Positive,431380,67,4,2,High
2,3,0,0.0,36,Neutral,209221,69,3,2,Medium
5,7,3,0.42857142857142855,17,Neutral,423724,93,9,2,Low
4,11,7,0.6363636363636364,21,Negative,60473,96,7,2,High
9,2,2,1.0,11,Neutral,319350,96,1,3,Medium
6,0,0,0.0,63,Neutral,429746,72,5,4,Medium
1,6,0,0.0,43,Neutral,88550,81,10,4,High
8,7,1,0.14285714285714285,33,Positive,140595,59,10,3,Medium
2,11,3,0.2727272727272727,8,Negative,238748,88,5,4,High
10,2,2,1.0,55,Neutral,304630,56,1,0,High
6,10,1,0.1,71,Negative,51209,72,6,5,Medium
8,1,1,1.0,27,Negative,30222,55,1,1,High
8,6,3,0.5,7,Negative,49353,68,8,2,High
7,15,12,0.8,25,Negative,484856,70,5,3,Medium
2,1,0,0.0,69,Negative,350196,79,8,1,Low
10,13,9,0.6923076923076923,7,Positive,475220,54,5,4,Low
9,9,5,0.5555555555555556,43,Negative,184405,80,5,4,High
8,0,0,0.0,59,Negative,135416,76,5,0,Low
4,11,10,0.9090909090909091,20,Neutral,434956,99,5,1,Low
7,1,0,0.0,14,Neutral,251279,86,3,2,Medium
9,3,2,0.6666666666666666,65,Negative,113975,51,4,3,Low
1,7,2,0.2857142857142857,61,Neutral,70916,64,3,3,Medium
1,10,7,0.7,8,Positive,419186,96,9,4,Medium
4,2,2,1.0,68,Neutral,284728,86,9,1,High
10,7,7,1.0,65,Negative,87856,94,6,4,Medium
7,14,7,0.5,58,Neutral,96169,64,4,5,Low
8,5,2,0.4,35,Positive,140860,56,5,5,Medium
4,2,1,0.5,57,Neutral,69894,61,3,0,Low
8,14,10,0.7142857142857143,34,Negative,243916,55,6,3,High
4,10,9,0.9,41,Negative,329312,58,2,0,Medium
10,15,0,0.0,65,Negative,20628,50,10,1,Medium
9,2,0,0.0,50,Positive,147936,72,4,0,High
3,5,4,0.8,60,Positive,400409,92,6,5,Medium
7,3,2,0.6666666666666666,1,Neutral,200917,90,8,5,Low
10,0,0,0.0,70,Positive,89479,92,2,2,Low
8,2,2,1.0,28,Negative,11953,73,5,5,High
7,2,2,1.0,28,Negative,43702,73,6,5,Low
7,6,0,0.0,63,Neutral,183481,74,3,1,Low
8,3,0,0.0,22,Neutral,150939,92,7,0,Medium
2,11,3,0.2727272727272727,41,Negative,386476,60,2,5,High
7,1,1,1.0,45,Positive,61373,69,6,0,High
8,6,5,0.8333333333333334,24,Neutral,93419,62,3,5,Low
7,9,0,0.0,30,Positive,191391,96,5,4,Low
4,13,9,0.6923076923076923,10,Neutral,338821,52,2,5,Low
3,1,0,0.0,24,Neutral,328166,96,4,2,Medium
6,5,0,0.0,71,Positive,279449,81,2,5,Low
7,2,0,0.0,52,Positive,170846,64,3,1,Low
8,8,8,1.0,7,Negative,101851,80,7,4,Low
1,6,5,0.8333333333333334,60,Negative,22779,95,9,5,Low
3,13,7,0.5384615384615384,34,Negative,291710,61,6,1,Low
3,14,8,0.5714285714285714,39,Positive,63612,96,9,4,Low
6,3,2,0.6666666666666666,72,Negative,433876,72,7,4,High
3,15,10,0.6666666666666666,11,Negative,216889,60,8,0,Medium
9,15,15,1.0,40,Neutral,335402,58,3,3,High
3,15,3,0.2,63,Positive,287529,94,3,3,High
7,7,5,0.7142857142857143,1,Positive,280495,77,2,4,High
8,8,2,0.25,6,Positive,128314,91,1,3,Low
4,12,10,0.8333333333333334,15,Neutral,386361,64,9,2,Low
1,14,1,0.07142857142857142,2,Neutral,208554,96,3,0,Low
8,7,0,0.0,22,Neutral,59481,84,7,5,High
10,12,1,0.08333333333333333,38,Negative,16297,97,8,4,Medium
5,15,13,0.8666666666666667,8,Negative,473320,70,4,1,High
9,10,2,0.2,62,Neutral,476861,82,7,1,Medium
1,3,1,0.3333333333333333,4,Neutral,273909,95,7,3,Medium
1,6,5,0.8333333333333334,35,Positive,255733,57,2,1,Medium
10,15,5,0.3333333333333333,44,Positive,168017,89,10,1,Low
5,14,3,0.21428571428571427,22,Positive,423308,81,10,2,Low
7,5,0,0.0,46,Negative,350645,56,8,3,Low
5,9,7,0.7777777777777778,39,Positive,231954,51,4,5,Low
1,9,7,0.7777777777777778,57,Neutral,158775,71,5,1,Low
10,4,2,0.5,44,Positive,371275,76,5,3,Medium
6,8,1,0.125,45,Negative,28812,96,2,3,Medium
5,2,1,0.5,11,Negative,264352,92,6,3,Medium
4,1,0,0.0,22,Neutral,385602,86,5,5,Medium
1,4,3,0.75,18,Negative,332644,91,8,0,Low
8,0,0,0.0,67,Negative,355098,72,9,4,Low
7,11,2,0.18181818181818182,30,Negative,264048,58,5,0,Medium
8,13,9,0.6923076923076923,55,Neutral,56320,86,1,0,Medium
4,12,0,0.0,67,Positive,144875,88,3,4,High
2,14,13,0.9285714285714286,66,Neutral,171783,76,1,5,Medium
1,6,0,0.0,2,Negative,344380,89,5,2,High
2,10,8,0.8,41,Positive,484387,95,10,1,High
2,7,4,0.5714285714285714,25,Positive,117812,63,8,3,Medium
10,12,11,0.9166666666666666,27,Positive,248436,88,3,3,High
5,4,3,0.75,6,Negative,487290,72,3,2,Medium
1,10,4,0.4,24,Neutral,415592,89,10,5,Low
2,11,3,0.2727272727272727,61,Positive,46375,97,7,2,Medium
8,12,9,0.75,2,Neutral,430738,75,6,4,Medium
4,1,1,1.0,56,Neutral,420446,92,6,5,Low
7,7,6,0.8571428571428571,8,Neutral,52461,71,4,4,Medium
9,9,8,0.8888888888888888,44,Negative,300600,59,9,5,High
6,11,5,0.45454545454545453,58,Positive,258411,97,2,2,High
7,9,3,0.3333333333333333,37,Positive,433406,85,10,3,Low
2,13,10,0.7692307692307693,44,Positive,411281,74,3,2,Medium
2,12,10,0.8333333333333334,33,Neutral,97814,84,7,1,Medium
5,3,0,0.0,32,Negative,273535,82,1,3,Low
9,4,1,0.25,13,Neutral,395961,76,1,5,Medium
10,4,2,0.5,20,Neutral,25309,92,4,0,Medium
5,0,0,0.0,36,Negative,360633,100,7,2,Low
7,0,0,0.0,57,Neutral,469524,99,9,2,High
6,8,2,0.25,24,Positive,52181,58,8,5,High
4,15,9,0.6,17,Positive,375133,69,5,5,High
5,9,0,0.0,51,Neutral,224727,92,6,0,Low
3,3,2,0.6666666666666666,22,Negative,287636,55,3,0,High
2,15,3,0.2,40,Neutral,378288,61,7,4,Medium
7,14,0,0.0,46,Neutral,347548,79,9,4,Low
8,5,2,0.4,3,Neutral,99134,53,5,1,Medium
5,4,3,0.75,36,Neutral,85153,77,6,0,High
7,7,1,0.14285714285714285,11,Neutral,167299,92,10,3,Medium
8,3,0,0.0,53,Neutral,192818,50,1,5,High
2,15,4,0.26666666666666666,69,Negative,316820,100,4,1,Low
4,5,4,0.8,67,Neutral,253035,79,6,0,Medium
10,2,2,1.0,22,Positive,269465,85,5,4,High
8,9,4,0.4444444444444444,49,Negative,256405,97,2,3,Medium
2,8,4,0.5,66,Positive,343595,60,10,3,High
2,5,5,1.0,36,Neutral,98305,100,10,1,Low
1,14,5,0.35714285714285715,45,Positive,259860,69,4,4,Medium
8,5,0,0.0,61,Neutral,401938,88,2,2,Low
1,11,4,0.36363636363636365,58,Negative,63033,90,9,1,Medium
6,4,2,0.5,4,Negative,305178,51,8,3,High
9,10,2,0.2,58,Positive,149266,74,7,5,Medium
6,15,3,0.2,11,Neutral,481315,66,10,2,Medium
4,12,0,0.0,24,Negative,202084,86,10,1,High
4,6,0,0.0,32,Positive,452361,69,3,4,Low
1,14,1,0.07142857142857142,41,Negative,424150,68,5,0,High
8,8,5,0.625,21,Neutral,302246,98,7,0,Low
4,5,4,0.8,49,Neutral,317861,81,1,3,Medium
6,13,6,0.46153846153846156,37,Negative,405941,56,2,0,Low
3,13,0,0.0,58,Neutral,354962,54,7,3,Medium
4,13,10,0.7692307692307693,54,Neutral,275735,71,7,2,Medium
10,10,6,0.6,6,Neutral,84944,88,1,4,High
5,3,1,0.3333333333333333,42,Positive,299355,67,9,3,Medium
4,10,2,0.2,2,Negative,18089,75,6,5,High
6,6,3,0.5,59,Negative,185902,78,6,0,High
1,15,0,0.0,28,Negative,151077,71,10,0,Low
8,11,5,0.45454545454545453,2,Positive,322055,59,4,0,Low
4,7,6,0.8571428571428571,66,Negative,272979,94,9,3,High
7,8,4,0.5,67,Positive,200825,53,2,3,Low
1,5,1,0.2,34,Neutral,399519,65,6,0,Low
7,14,2,0.14285714285714285,31,Neutral,135894,73,1,4,Medium
8,8,4,0.5,23,Neutral,442351,79,5,4,High
10,3,2,0.6666666666666666,50,Positive,81707,85,9,1,Low
6,15,11,0.7333333333333333,57,Positive,180805,82,9,1,Medium
6,5,4,0.8,34,Positive,36366,67,4,3,Low
9,2,1,0.5,14,Neutral,412784,85,4,5,High
1,1,1,1.0,43,Positive,174612,54,1,5,High
8,11,1,0.09090909090909091,60,Neutral,463709,75,9,5,Medium
8,0,0,0.0,68,Neutral,76667,99,2,4,Low
1,10,5,0.5,67,Positive,445780,76,6,0,Low
5,14,14,1.0,50,Positive,213287,99,6,4,High
2,3,0,0.0,69,Negative,199542,88,10,2,Medium
9,9,7,0.7777777777777778,6,Neutral,363386,51,3,3,High
8,3,3,1.0,10,Neutral,18155,99,6,5,Medium
2,15,12,0.8,32,Negative,250293,95,1,4,Low
4,6,0,0.0,22,Positive,315654,70,2,3,Low
3,0,0,0.0,72,Neutral,88695,83,4,4,Low
8,8,3,0.375,3,Positive,214828,79,10,2,Low
2,3,0,0.0,17,Positive,195746,58,2,5,High
2,7,3,0.42857142857142855,46,Neutral,189606,63,5,4,Medium
10,8,2,0.25,9,Negative,499249,66,6,1,Low
10,10,0,0.0,14,Positive,352599,57,3,1,Medium
2,13,3,0.23076923076923078,30,Positive,458081,55,7,0,Medium
7,6,0,0.0,42,Neutral,335439,84,4,0,Medium
10,1,0,0.0,16,Neutral,475400,86,5,0,Medium
10,3,1,0.3333333333333333,32,Negative,401202,75,7,2,Low
2,2,1,0.5,36,Neutral,145655,56,10,1,Medium
8,0,0,0.0,29,Negative,284724,96,1,0,Low
5,13,4,0.3076923076923077,32,Neutral,208410,53,7,3,Medium
9,2,1,0.5,62,Neutral,148495,96,4,3,Medium
6,5,3,0.6,35,Positive,77805,60,9,2,Low
7,7,4,0.5714285714285714,32,Negative,294966,91,4,1,High
6,8,1,0.125,10,Positive,209589,60,7,2,High
3,5,0,0.0,39,Neutral,393520,63,4,4,Medium
7,9,1,0.1111111111111111,9,Neutral,156438,80,4,2,Low
7,10,8,0.8,58,Neutral,241623,79,8,5,Medium
1,10,10,1.0,2,Positive,39133,89,10,1,Medium
2,8,3,0.375,56,Neutral,263450,63,3,5,Low
8,0,0,0.0,53,Neutral,215993,96,7,0,Medium
8,13,0,0.0,40,Positive,68791,66,5,2,Medium
4,10,7,0.7,33,Neutral,280882,84,9,1,High
1,11,8,0.7272727272727273,9,Negative,388144,65,10,2,Low
1,3,2,0.6666666666666666,24,Neutral,495011,68,1,4,Low
10,15,15,1.0,70,Negative,416472,65,6,5,High
3,9,4,0.4444444444444444,35,Positive,373411,59,5,0,Low
10,11,1,0.09090909090909091,4,Positive,40657,79,6,5,Low
8,4,0,0.0,4,Neutral,392317,63,2,2,High
9,1,0,0.0,66,Negative,116005,74,8,3,Medium
2,9,3,0.3333333333333333,19,Positive,274764,94,2,0,Low
9,13,9,0.6923076923076923,13,Positive,124424,84,1,1,Medium
10,11,2,0.18181818181818182,40,Negative,212213,84,5,1,Medium
5,4,1,0.25,69,Positive,91784,78,9,2,High
4,2,0,0.0,14,Negative,401124,74,1,5,Medium
10,3,1,0.3333333333333333,69,Positive,331625,68,8,3,Medium
4,5,1,0.2,31,Negative,243247,92,6,0,Medium
6,11,5,0.45454545454545453,58,Neutral,342946,56,6,0,Low
4,12,9,0.75,23,Positive,19161,71,5,4,High
4,4,4,1.0,27,Neutral,359264,100,4,2,Low
5,1,0,0.0,9,Neutral,125715,79,9,3,Medium
8,13,4,0.3076923076923077,8,Negative,341809,67,9,0,Medium
8,6,4,0.6666666666666666,24,Negative,416839,51,9,1,High
1,12,4,0.3333333333333333,58,Neutral,169390,63,9,1,Low
2,1,1,1.0,14,Neutral,244125,71,1,0,High
9,13,6,0.46153846153846156,3,Neutral,54535,72,1,5,Medium
8,12,8,0.6666666666666666,15,Positive,86073,50,10,0,Low
3,6,3,0.5,3,Positive,79774,69,2,4,Medium
2,3,0,0.0,25,Positive,461813,71,5,1,Low
4,5,1,0.2,18,Negative,304292,71,9,5,High
3,6,0,0.0,36,Positive,109775,54,9,0,High
8,0,0,0.0,70,Positive,406124,73,3,0,Medium
10,15,14,0.9333333333333333,43,Positive,104112,55,1,0,Medium
2,11,6,0.5454545454545454,48,Positive,70381,89,3,5,Low
10,9,3,0.3333333333333333,10,Positive,242725,88,5,4,High
10,3,0,0.0,4,Negative,298223,94,4,4,High
1,5,5,1.0,18,Negative,402483,92,4,5,Low
6,13,3,0.23076923076923078,62,Positive,272543,78,5,2,High
9,12,3,0.25,26,Positive,104667,63,5,3,Low
5,6,5,0.8333333333333334,27,Negative,455968,61,6,0,Medium
8,4,4,1.0,64,Negative,351420,62,10,4,Low
4,3,2,0.6666666666666666,18,Negative,278605,82,2,4,High
8,6,0,0.0,8,Neutral,242796,75,7,0,Low
2,14,3,0.21428571428571427,60,Positive,355220,50,2,3,High
6,6,2,0.3333333333333333,44,Neutral,73619,54,4,2,High
10,9,1,0.1111111111111111,65,Positive,71724,72,2,5,Medium
9,14,9,0.6428571428571429,50,Positive,333704,70,1,3,High
2,15,15,1.0,46,Neutral,177366,89,4,5,Medium
8,11,5,0.45454545454545453,17,Neutral,90952,53,2,2,Low
7,6,0,0.0,55,Neutral,442100,91,9,1,High
10,14,2,0.14285714285714285,50,Negative,259304,60,10,3,Medium
4,13,6,0.46153846153846156,36,Neutral,323841,59,4,1,Medium
4,11,1,0.09090909090909091,17,Positive,64199,85,10,5,High
6,10,5,0.5,62,Neutral,458021,79,6,1,Low
7,7,0,0.0,11,Negative,224933,66,3,0,Medium
4,1,0,0.0,18,Negative,48786,72,6,0,High
10,0,0,0.0,3,Neutral,57227,77,10,4,Low
10,15,8,0.5333333333333333,68,Positive,408981,77,9,0,High
8,5,5,1.0,46,Neutral,19611,77,8,3,Low
2,9,6,0.6666666666666666,1,Positive,239042,99,6,0,Low
5,3,3,1.0,7,Negative,216507,57,1,1,Low
9,0,0,0.0,24,Positive,247069,85,6,4,High
9,12,1,0.08333333333333333,21,Negative,68973,70,10,4,Low
9,9,6,0.6666666666666666,41,Neutral,184192,80,3,1,Medium
5,13,8,0.6153846153846154,32,Positive,339810,61,7,0,High
9,1,1,1.0,54,Positive,424368,63,10,5,Medium
4,3,1,0.3333333333333333,70,Positive,167326,100,1,0,Low
6,1,1,1.0,49,Neutral,186100,58,9,0,Medium
2,10,4,0.4,6,Negative,137545,98,2,5,High
8,2,2,1.0,20,Neutral,325566,97,4,0,Low
2,10,5,0.5,21,Negative,395169,73,6,3,Low
4,3,3,1.0,44,Negative,399265,67,8,3,High
1,7,1,0.14285714285714285,38,Neutral,137915,81,4,1,Low
4,15,13,0.8666666666666667,51,Neutral,99809,86,4,3,Medium
2,7,4,0.5714285714285714,33,Neutral,192028,74,7,0,High
4,15,0,0.0,25,Positive,424578,76,4,5,Medium
8,4,0,0.0,22,Positive,245999,86,10,4,Low
2,9,8,0.8888888888888888,19,Positive,352738,92,1,0,High
5,11,6,0.5454545454545454,22,Positive,156114,51,2,0,Low
6,9,1,0.1111111111111111,2,Positive,306347,97,8,4,Low
3,8,1,0.125,71,Negative,335911,57,3,5,Medium
4,15,14,0.9333333333333333,47,Positive,434307,81,4,3,Medium
4,9,3,0.3333333333333333,60,Positive,284684,78,2,3,High
2,6,6,1.0,66,Positive,425476,77,10,1,Medium
9,1,1,1.0,28,Positive,270146,72,2,1,Medium
6,8,3,0.375,8,Neutral,213777,54,8,5,Low
5,4,2,0.5,57,Negative,56200,51,5,3,High
2,13,8,0.6153846153846154,65,Positive,92066,62,10,3,Low
8,4,4,1.0,24,Neutral,127166,71,6,0,High
3,4,0,0.0,30,Positive,464104,76,5,5,High
2,9,6,0.6666666666666666,45,Negative,349793,56,7,2,High
8,4,4,1.0,53,Negative,262978,79,10,5,Low
8,8,8,1.0,18,Positive,250794,79,2,1,Low
1,8,2,0.25,60,Negative,124403,61,2,4,Medium
5,8,6,0.75,47,Positive,284027,65,4,5,High
3,8,5,0.625,48,Negative,115705,93,2,4,High
3,11,9,0.8181818181818182,29,Positive,57467,66,7,1,High
8,6,6,1.0,50,Positive,291944,68,3,5,Low
7,8,5,0.625,12,Neutral,382594,92,2,5,Medium
2,2,1,0.5,59,Negative,160369,56,8,0,Low
9,14,10,0.7142857142857143,19,Neutral,78312,63,10,0,Low
1,9,4,0.4444444444444444,19,Negative,303136,92,5,0,Medium
9,4,0,0.0,14,Positive,25706,59,7,2,High
7,2,2,1.0,40,Negative,268931,98,2,1,Low
9,15,0,0.0,44,Negative,224078,70,6,5,Low
9,9,1,0.1111111111111111,61,Positive,69589,56,7,1,Medium
5,8,6,0.75,39,Neutral,326897,100,8,4,Medium
3,1,1,1.0,37,Negative,40782,52,6,1,Medium
6,3,1,0.3333333333333333,23,Negative,110908,67,4,4,Low
1,0,0,0.0,6,Positive,220088,56,2,1,Low
3,3,0,0.0,44,Neutral,225625,73,3,2,Medium
1,12,7,0.5833333333333334,58,Neutral,176735,62,6,1,High
7,4,0,0.0,48,Positive,55931,55,10,0,High
7,6,1,0.16666666666666666,62,Neutral,159055,74,3,4,Low
5,14,1,0.07142857142857142,7,Negative,132183,60,3,3,High
10,14,14,1.0,40,Neutral,335304,50,5,1,Low
6,9,5,0.5555555555555556,20,Negative,260658,94,1,1,Low
6,10,1,0.1,6,Neutral,181568,58,9,4,Low
4,14,5,0.35714285714285715,16,Positive,179155,59,5,0,Medium
8,3,3,1.0,49,Positive,376062,70,1,3,Medium
9,2,1,0.5,7,Neutral,364743,87,7,1,Low
6,13,6,0.46153846153846156,19,Positive,50280,83,5,2,Low
1,12,11,0.9166666666666666,65,Neutral,43454,85,6,1,Low
7,2,1,0.5,33,Neutral,174137,80,7,1,Medium
4,8,2,0.25,16,Negative,471700,54,5,4,High
6,1,1,1.0,35,Positive,259346,82,7,1,Medium
9,3,0,0.0,16,Positive,29794,71,6,5,Low
1,1,0,0.0,17,Neutral,16226,82,5,5,Medium
4,9,4,0.4444444444444444,26,Positive,169171,84,6,4,High
2,7,3,0.42857142857142855,16,Positive,103755,85,3,1,High
5,11,8,0.7272727272727273,54,Positive,265658,61,8,0,High
2,11,7,0.6363636363636364,49,Neutral,339213,83,2,5,Low
10,14,5,0.35714285714285715,4,Neutral,386174,73,1,1,Low
4,9,9,1.0,45,Positive,212772,55,9,5,Medium
7,8,5,0.625,40,Positive,259101,50,8,2,Low
4,13,2,0.15384615384615385,42,Neutral,54088,73,8,4,High
6,11,9,0.8181818181818182,1,Positive,111161,95,6,4,Low
3,12,3,0.25,14,Positive,173995,59,6,1,High
6,1,1,1.0,11,Negative,250762,51,5,5,Medium
3,15,7,0.4666666666666667,62,Negative,261096,81,8,1,Medium
3,8,8,1.0,40,Positive,42682,64,3,0,High
3,6,3,0.5,39,Positive,59814,57,9,1,High
6,0,0,0.0,20,Negative,18672,87,4,3,Low
10,4,3,0.75,42,Negative,15784,100,6,3,Medium
7,8,1,0.125,61,Negative,10576,55,6,2,High
3,7,2,0.2857142857142857,54,Negative,382444,100,1,0,Medium
5,5,4,0.8,36,Negative,301565,75,8,5,High
6,1,0,0.0,72,Neutral,387228,99,3,5,Low
8,4,2,0.5,11,Negative,289407,83,3,0,High
6,0,0,0.0,65,Neutral,409786,51,8,2,High
1,0,0,0.0,45,Neutral,35141,55,2,1,High
3,14,3,0.21428571428571427,13,Positive,111171,56,7,1,High
5,11,0,0.0,30,Positive,207624,62,8,2,High
9,12,6,0.5,58,Negative,142989,69,2,4,High
10,9,8,0.8888888888888888,33,Neutral,323365,52,10,2,High
9,5,5,1.0,10,Negative,117886,54,5,0,Low
4,7,1,0.14285714285714285,65,Negative,463107,83,5,0,High
7,15,11,0.7333333333333333,51,Positive,349963,87,1,3,High
5,13,10,0.7692307692307693,7,Negative,88320,53,8,3,Low
4,6,1,0.16666666666666666,58,Positive,159804,80,5,1,High
7,9,5,0.5555555555555556,13,Neutral,22305,65,6,1,Low
2,1,1,1.0,11,Neutral,432780,75,6,3,Medium
6,0,0,0.0,64,Neutral,451802,54,10,0,Low
8,2,2,1.0,70,Positive,218795,93,7,3,Low
1,3,0,0.0,39,Negative,154452,70,6,2,Low
8,5,2,0.4,36,Negative,337555,87,2,4,High
4,12,12,1.0,52,Negative,267259,92,5,1,Medium
4,12,6,0.5,26,Negative,178090,50,9,5,High
3,12,11,0.9166666666666666,11,Positive,175071,87,7,5,High
6,4,0,0.0,11,Negative,14532,68,8,0,Low
9,4,2,0.5,18,Neutral,119459,96,9,3,Medium
4,15,12,0.8,66,Positive,312182,81,8,4,High
6,7,7,1.0,20,Positive,297354,62,4,5,High
10,3,0,0.0,72,Negative,151629,95,9,4,Medium
6,11,2,0.18181818181818182,43,Neutral,472804,74,2,4,High
1,12,7,0.5833333333333334,70,Negative,148346,89,2,4,Medium
2,15,2,0.13333333333333333,9,Negative,274848,71,1,1,Low
9,9,2,0.2222222222222222,67,Negative,29788,77,10,4,High
9,4,1,0.25,27,Negative,340092,54,10,5,Medium
5,12,6,0.5,55,Neutral,322844,70,9,1,Low
3,10,6,0.6,21,Positive,219266,71,1,4,Low
7,9,4,0.4444444444444444,10,Neutral,195775,52,2,0,High
8,5,2,0.4,67,Positive,50138,95,9,4,Low
5,9,7,0.7777777777777778,5,Positive,319776,79,10,3,High
2,5,1,0.2,17,Positive,207279,53,10,0,Medium
1,11,7,0.6363636363636364,25,Positive,35047,54,6,3,Medium
6,2,1,0.5,47,Neutral,489733,56,5,4,Low
1,3,1,0.3333333333333333,42,Positive,59994,56,2,0,Low
3,11,5,0.45454545454545453,46,Neutral,144735,72,10,2,Low
8,11,10,0.9090909090909091,11,Negative,99623,78,7,4,Low
10,9,4,0.4444444444444444,44,Negative,249485,78,8,4,Low
7,14,5,0.35714285714285715,62,Positive,21365,69,5,5,Medium
8,10,2,0.2,13,Positive,294383,91,4,1,Low
6,5,0,0.0,10,Negative,334533,100,2,3,Medium
9,14,10,0.7142857142857143,53,Neutral,131830,72,6,4,Low
10,1,1,1.0,49,Positive,38586,54,5,5,Medium
2,4,2,0.5,2,Negative,360034,50,1,1,Low
8,1,0,0.0,44,Neutral,63154,74,4,1,High
9,2,1,0.5,44,Negative,185230,50,7,5,Low
7,6,2,0.3333333333333333,9,Negative,414544,56,3,3,Low
7,2,1,0.5,33,Negative,466235,60,10,3,Medium
5,14,2,0.14285714285714285,47,Neutral,344512,78,10,5,High
9,9,8,0.8888888888888888,18,Negative,498020,50,8,0,Medium
9,9,0,0.0,1,Positive,86907,86,10,5,Medium
5,4,3,0.75,45,Neutral,281468,77,2,5,Medium
3,2,0,0.0,35,Neutral,287921,97,1,1,Medium
3,4,2,0.5,32,Positive,280663,56,10,4,Low
6,3,2,0.6666666666666666,61,Positive,381935,67,8,1,Medium
4,5,5,1.0,51,Neutral,227797,70,3,3,High
9,5,2,0.4,39,Positive,312202,65,6,1,Low
8,11,2,0.18181818181818182,33,Positive,374690,81,10,1,Low
8,8,5,0.625,38,Negative,428487,60,8,3,Medium
8,2,1,0.5,57,Positive,254182,79,6,2,Medium
8,7,6,0.8571428571428571,19,Negative,194120,51,6,2,Low
5,14,3,0.21428571428571427,11,Positive,425066,64,6,0,Medium
6,14,11,0.7857142857142857,72,Neutral,222852,53,7,1,Low
2,5,0,0.0,20,Positive,123991,80,7,3,High
3,7,0,0.0,40,Negative,111414,86,1,5,Low
2,2,0,0.0,45,Negative,273843,88,3,1,Low
7,8,1,0.125,43,Negative,80286,72,3,1,Low
2,14,9,0.6428571428571429,70,Negative,238124,89,1,3,Low
4,13,8,0.6153846153846154,63,Positive,462630,58,4,5,High
3,9,0,0.0,31,Positive,207926,57,10,3,High
5,1,1,1.0,41,Neutral,351197,56,7,0,Medium
3,10,4,0.4,5,Negative,115678,53,4,5,Medium
6,14,11,0.7857142857142857,65,Negative,21095,80,9,4,High
2,0,0,0.0,71,Neutral,469440,80,6,2,High
4,0,0,0.0,48,Positive,366978,56,3,5,Medium
6,5,1,0.2,17,Neutral,277700,51,9,2,Low
6,11,1,0.09090909090909091,2,Positive,455706,75,4,4,Medium
8,12,5,0.4166666666666667,7,Positive,58943,90,2,0,Medium
5,3,1,0.3333333333333333,5,Positive,163422,51,6,0,Low
2,2,2,1.0,29,Positive,39749,69,6,5,Medium
1,6,5,0.8333333333333334,40,Positive,226608,63,2,1,Medium
2,1,1,1.0,12,Positive,77596,88,3,1,Low
7,4,4,1.0,52,Positive,12203,67,6,4,High
6,11,3,0.2727272727272727,69,Positive,226051,98,7,3,High
4,9,1,0.1111111111111111,36,Neutral,261811,91,9,4,Medium
3,10,2,0.2,16,Negative,257925,69,4,5,High
5,11,4,0.36363636363636365,15,Negative,195534,58,6,5,Low
7,5,4,0.8,20,Negative,333901,72,1,3,Medium
1,5,4,0.8,60,Negative,252983,70,2,0,Low
6,15,9,0.6,35,Positive,443319,80,6,5,High
4,8,2,0.25,36,Negative,92334,87,7,4,Medium
6,0,0,0.0,30,Neutral,80914,61,9,5,Low
9,4,0,0.0,53,Negative,275071,51,3,3,Low
4,0,0,0.0,47,Negative,235617,67,1,2,High
8,4,1,0.25,5,Positive,479304,84,7,4,Medium
7,8,0,0.0,62,Negative,329505,80,3,1,Low
9,9,9,1.0,66,Neutral,344964,94,3,3,Low
8,4,3,0.75,27,Negative,125082,75,10,1,Low
2,12,9,0.75,48,Negative,374226,90,8,0,High
3,6,3,0.5,18,Negative,301176,82,9,0,Low
7,11,11,1.0,48,Neutral,136393,66,5,3,Low
9,15,13,0.8666666666666667,60,Positive,445006,90,8,4,Low
8,0,0,0.0,19,Neutral,220627,64,2,2,High
7,2,0,0.0,6,Positive,269542,82,4,2,Low
9,12,0,0.0,56,Negative,112096,91,6,0,High
10,2,0,0.0,32,Positive,23044,55,7,5,High
2,6,5,0.8333333333333334,13,Neutral,347154,61,2,2,Medium
3,14,2,0.14285714285714285,37,Negative,458203,72,3,3,Medium
6,3,2,0.6666666666666666,53,Positive,114590,94,7,1,Low
7,11,6,0.5454545454545454,53,Negative,80956,78,8,2,High
5,1,1,1.0,46,Neutral,259416,60,10,1,High
3,8,0,0.0,4,Negative,67445,87,2,1,Low
3,13,7,0.5384615384615384,63,Neutral,482959,68,3,0,Medium
8,0,0,0.0,53,Negative,335283,92,4,0,High
9,4,0,0.0,43,Neutral,407229,99,6,3,High
5,9,3,0.3333333333333333,57,Positive,323253,100,1,1,Medium
6,4,1,0.25,59,Positive,113352,79,7,4,High
7,8,6,0.75,50,Neutral,392983,88,8,1,Low
5,5,5,1.0,64,Negative,156843,50,5,2,High
8,10,5,0.5,59,Negative,371172,52,10,5,High
2,7,7,1.0,18,Neutral,33628,93,3,0,Low
4,14,12,0.8571428571428571,52,Positive,355076,93,4,3,High
4,0,0,0.0,15,Negative,258663,97,8,0,Medium
7,3,3,1.0,46,Negative,426358,67,8,1,Medium
5,2,0,0.0,43,Negative,473119,79,4,3,Medium
6,4,4,1.0,29,Neutral,413280,56,10,4,High
3,2,2,1.0,10,Positive,55812,54,5,2,Medium
1,3,2,0.6666666666666666,37,Negative,249693,79,6,2,Medium
3,8,0,0.0,63,Neutral,356067,83,5,3,Low
3,2,0,0.0,27,Negative,495838,64,3,3,High
9,4,1,0.25,5,Positive,433050,66,9,4,Medium
4,13,11,0.8461538461538461,3,Negative,126458,94,3,1,Medium
7,4,3,0.75,47,Negative,97600,81,7,4,High
5,11,9,0.8181818181818182,34,Positive,184444,71,5,1,Medium
6,3,1,0.3333333333333333,67,Positive,340850,87,7,3,Low
1,3,2,0.6666666666666666,35,Positive,62036,74,1,1,Low
1,11,5,0.45454545454545453,68,Neutral,351038,70,1,3,High
9,12,6,0.5,70,Negative,31813,57,3,1,Low
2,4,0,0.0,60,Positive,370420,55,5,3,High
4,0,0,0.0,45,Positive,23030,86,1,2,High
2,12,6,0.5,15,Positive,437318,74,3,2,High
5,12,2,0.16666666666666666,54,Positive,217261,96,5,1,Medium
8,4,3,0.75,67,Neutral,70979,53,6,1,High
1,11,6,0.5454545454545454,14,Negative,178480,91,6,2,High
1,1,0,0.0,4,Positive,29051,50,9,4,Low
4,5,3,0.6,62,Negative,455866,93,8,4,Medium
2,3,2,0.6666666666666666,20,Negative,19328,87,1,3,Low
6,1,1,1.0,5,Positive,34202,73,4,2,Low
4,11,9,0.8181818181818182,20,Negative,230266,64,1,2,Medium
3,8,6,0.75,32,Neutral,368644,55,9,4,High
9,3,3,1.0,66,Negative,204151,80,5,2,High
2,15,15,1.0,38,Positive,90633,85,9,1,High
1,3,3,1.0,12,Positive,457139,88,4,1,Medium
5,14,10,0.7142857142857143,42,Positive,196111,54,7,1,High
4,15,3,0.2,60,Positive,158370,95,1,1,Low
8,11,6,0.5454545454545454,30,Negative,65930,67,4,2,High
4,3,0,0.0,12,Neutral,11241,86,10,0,Medium
10,12,10,0.8333333333333334,12,Neutral,58682,60,5,3,Low
10,8,5,0.625,28,Negative,280538,88,6,5,Low
5,14,9,0.6428571428571429,58,Positive,287409,79,1,4,Low
2,4,3,0.75,28,Neutral,272156,83,1,1,Low
6,7,7,1.0,59,Negative,421816,77,2,1,Medium
7,11,11,1.0,17,Negative,253751,73,10,4,Medium
9,6,1,0.16666666666666666,18,Positive,189838,69,3,1,Low
9,1,0,0.0,15,Positive,471210,86,8,2,Medium
6,12,11,0.9166666666666666,2,Neutral,83128,91,8,1,High
10,13,6,0.46153846153846156,42,Positive,495880,95,7,1,High
1,4,3,0.75,21,Neutral,234890,64,5,0,High
10,8,5,0.625,19,Negative,281013,70,10,0,High
9,1,0,0.0,45,Negative,303130,74,2,2,Medium
10,10,2,0.2,61,Positive,172939,77,7,5,High
1,12,12,1.0,25,Positive,266799,55,4,3,Low
5,11,1,0.09090909090909091,21,Negative,479050,79,1,0,Low
5,6,1,0.16666666666666666,62,Neutral,41959,93,7,5,Low
5,5,4,0.8,29,Neutral,241264,73,4,3,Medium
2,15,6,0.4,25,Neutral,95220,73,4,0,Low
5,2,0,0.0,11,Positive,223476,87,1,4,Low
6,8,3,0.375,50,Positive,130997,74,6,0,High
7,1,0,0.0,62,Neutral,341237,88,8,0,Medium
7,8,6,0.75,39,Positive,19610,62,4,5,Low
7,5,4,0.8,66,Positive,263087,50,9,3,Low
4,2,0,0.0,34,Neutral,34947,85,6,5,High
2,12,8,0.6666666666666666,17,Neutral,494906,65,1,2,Medium
7,12,12,1.0,65,Neutral,81574,77,1,3,Medium
6,13,10,0.7692307692307693,4,Negative,118122,74,10,1,Low
6,14,9,0.6428571428571429,54,Negative,60025,51,7,1,Medium
4,3,2,0.6666666666666666,11,Positive,37901,91,3,1,High
9,12,10,0.8333333333333334,15,Negative,206827,63,7,4,Low
2,6,2,0.3333333333333333,13,Negative,425840,68,4,3,High
6,0,0,0.0,20,Positive,421326,69,4,4,Medium
1,9,8,0.8888888888888888,24,Neutral,426933,54,1,1,Low
5,10,1,0.1,16,Negative,138387,50,6,2,Low
8,14,11,0.7857142857142857,54,Neutral,285327,91,10,4,Low
10,8,1,0.125,30,Negative,329647,100,10,2,Medium
10,5,2,0.4,51,Neutral,374363,85,7,0,Medium
4,10,0,0.0,34,Neutral,130834,63,4,3,High
2,14,1,0.07142857142857142,40,Neutral,404706,87,8,4,Low
3,9,5,0.5555555555555556,29,Positive,291399,85,3,0,High
10,4,1,0.25,55,Positive,229387,69,5,3,High
4,6,6,1.0,46,Negative,368966,93,3,2,Medium
8,1,0,0.0,61,Negative,159847,94,7,1,Low
7,14,3,0.21428571428571427,41,Neutral,422132,71,8,2,Medium
4,4,4,1.0,28,Positive,250818,88,8,2,Medium
8,15,9,0.6,38,Positive,13845,100,1,4,Medium
9,3,3,1.0,32,Positive,451417,77,2,1,Low
3,14,3,0.21428571428571427,31,Positive,350199,71,5,0,Low
5,2,2,1.0,15,Negative,382825,80,8,5,Low
9,11,9,0.8181818181818182,10,Neutral,360522,88,4,4,Medium
2,9,7,0.7777777777777778,65,Neutral,116078,99,6,1,High
6,4,3,0.75,40,Positive,240089,53,10,2,Medium
7,11,1,0.09090909090909091,12,Negative,41815,57,5,1,Low
1,9,0,0.0,52,Neutral,230115,62,2,3,Low
3,7,5,0.7142857142857143,39,Positive,323927,83,8,0,Low
2,0,0,0.0,4,Negative,74780,80,6,3,High
7,2,0,0.0,4,Negative,327204,69,8,5,Low
7,15,3,0.2,70,Neutral,70656,97,1,1,High
7,14,14,1.0,69,Neutral,90401,65,2,3,Medium
8,5,0,0.0,4,Positive,340186,75,4,3,High
2,9,0,0.0,45,Neutral,227810,60,6,3,Medium
6,11,1,0.09090909090909091,23,Negative,168069,79,7,4,High
7,13,10,0.7692307692307693,52,Negative,289323,50,10,0,High
10,6,3,0.5,49,Neutral,210962,50,9,0,Medium
1,6,1,0.16666666666666666,65,Negative,444131,62,7,2,Medium
8,14,8,0.5714285714285714,3,Negative,401808,56,6,0,Low
1,11,11,1.0,19,Negative,321256,90,7,3,Medium
5,7,5,0.7142857142857143,1,Positive,77753,54,2,0,Medium
7,4,3,0.75,4,Neutral,410281,76,1,5,High
10,6,1,0.16666666666666666,70,Neutral,385996,69,6,0,High
8,9,5,0.5555555555555556,3,Neutral,24495,79,5,3,High
3,15,15,1.0,2,Positive,89181,58,1,3,High
7,10,2,0.2,61,Neutral,124518,55,7,5,High
5,10,1,0.1,67,Positive,154161,98,3,0,Low
7,1,1,1.0,9,Positive,303688,88,4,3,Medium
5,6,0,0.0,40,Neutral,428563,93,6,0,Medium
9,11,0,0.0,47,Negative,21877,81,5,3,Medium
8,7,2,0.2857142857142857,14,Positive,40946,88,1,0,High
10,12,8,0.6666666666666666,62,Negative,240963,95,4,4,Medium
10,7,3,0.42857142857142855,59,Negative,315008,74,5,4,Low
6,7,6,0.8571428571428571,48,Neutral,202764,61,9,2,Low
7,6,5,0.8333333333333334,24,Neutral,76310,69,1,0,High
2,0,0,0.0,20,Negative,196378,60,7,0,Medium
9,13,0,0.0,33,Neutral,466111,68,8,0,Medium
9,5,5,1.0,47,Negative,204160,95,8,1,Medium
2,8,5,0.625,17,Positive,348292,74,9,5,High
7,9,3,0.3333333333333333,50,Positive,399820,91,2,4,High
4,13,9,0.6923076923076923,16,Neutral,358924,52,1,2,Low
7,11,1,0.09090909090909091,23,Negative,51839,77,8,2,Medium
1,12,2,0.16666666666666666,58,Neutral,162694,98,7,0,High
4,1,1,1.0,33,Positive,229053,77,9,0,Low
6,13,5,0.38461538461538464,17,Negative,424571,74,6,0,Low
7,12,4,0.3333333333333333,44,Negative,77104,83,8,1,Low
2,2,0,0.0,37,Positive,146807,73,6,5,High
7,3,2,0.6666666666666666,20,Negative,63443,95,2,3,Medium
2,13,7,0.5384615384615384,13,Neutral,166817,89,4,0,Medium
2,11,1,0.09090909090909091,67,Neutral,449728,50,2,5,Medium
2,2,0,0.0,27,Negative,138333,76,9,5,High
4,15,0,0.0,32,Positive,369819,50,3,0,Low
7,10,7,0.7,41,Positive,345726,54,9,0,High
6,9,5,0.5555555555555556,47,Positive,72080,69,1,4,High
3,13,2,0.15384615384615385,18,Negative,469343,60,1,2,Low
1,2,1,0.5,6,Positive,267144,75,10,2,Low
6,8,3,0.375,15,Negative,294040,70,3,1,Medium
3,7,0,0.0,53,Negative,310025,96,4,4,Medium
6,5,2,0.4,55,Negative,129077,90,3,1,Low
1,6,4,0.6666666666666666,14,Negative,196254,91,9,3,High
1,1,1,1.0,68,Negative,167012,60,9,2,Low
5,8,4,0.5,47,Positive,323021,73,8,4,High
5,5,4,0.8,59,Positive,321444,53,1,2,Low
5,5,3,0.6,64,Negative,296185,63,8,4,High
7,11,7,0.6363636363636364,46,Negative,444441,68,2,4,High
5,9,5,0.5555555555555556,46,Positive,11878,76,3,1,High
5,11,4,0.36363636363636365,48,Positive,311077,80,5,2,Medium
1,3,3,1.0,47,Neutral,362280,91,7,3,Medium
1,7,6,0.8571428571428571,18,Positive,330853,86,9,1,Low
2,8,5,0.625,64,Positive,381771,87,10,0,Low
1,7,2,0.2857142857142857,71,Positive,219619,74,1,5,Low
8,15,8,0.5333333333333333,40,Positive,333565,74,9,3,High
2,15,1,0.06666666666666667,11,Neutral,97144,73,7,0,Low
9,7,6,0.8571428571428571,7,Positive,63970,87,3,5,Low
4,1,0,0.0,63,Neutral,115840,62,3,0,Medium
5,13,3,0.23076923076923078,51,Negative,313896,82,9,4,Medium
5,10,6,0.6,63,Neutral,394732,55,2,4,Low
2,1,1,1.0,34,Positive,271588,88,3,5,Medium
7,0,0,0.0,69,Negative,458302,53,7,4,Low
7,3,2,0.6666666666666666,56,Positive,476183,66,3,5,Low
2,0,0,0.0,60,Negative,18868,87,6,4,High
2,0,0,0.0,26,Negative,485180,74,8,2,Low
9,8,6,0.75,55,Neutral,187311,78,4,4,Medium
8,3,0,0.0,31,Negative,434392,78,7,2,High
4,12,6,0.5,63,Negative,84312,52,2,4,High
9,13,1,0.07692307692307693,29,Neutral,258329,98,8,2,Medium
1,3,3,1.0,52,Negative,51691,74,1,3,Medium
7,8,5,0.625,53,Neutral,292114,55,4,1,Medium
5,4,2,0.5,24,Negative,27380,61,5,1,Medium
10,15,1,0.06666666666666667,21,Negative,440518,52,3,2,High
4,3,1,0.3333333333333333,31,Negative,110166,59,6,5,Low
10,9,7,0.7777777777777778,70,Negative,12614,76,9,3,Low
10,14,0,0.0,27,Neutral,39678,64,1,1,Medium
8,4,4,1.0,56,Positive,371256,100,9,3,Low
8,4,2,0.5,25,Negative,459934,95,7,1,High
6,4,4,1.0,30,Negative,110957,86,3,0,Medium
9,5,1,0.2,39,Positive,418122,96,6,5,Low
8,14,4,0.2857142857142857,22,Neutral,335127,87,5,1,Low
7,1,1,1.0,43,Positive,231845,93,4,1,Medium
9,9,7,0.7777777777777778,58,Negative,306596,82,1,1,High
9,3,1,0.3333333333333333,20,Negative,432183,65,4,1,Medium
8,10,5,0.5,31,Positive,377682,78,5,0,Medium
7,3,1,0.3333333333333333,39,Positive,22791,85,2,5,Medium
3,4,0,0.0,2,Positive,168333,82,1,0,High
7,5,4,0.8,8,Positive,313834,98,7,5,Low
5,5,2,0.4,55,Negative,29031,76,6,4,Low
9,6,1,0.16666666666666666,25,Negative,343025,72,7,2,Low
10,7,3,0.42857142857142855,13,Positive,317924,83,7,1,Medium
9,14,4,0.2857142857142857,38,Negative,461409,83,5,0,High
5,13,4,0.3076923076923077,46,Negative,102502,98,2,0,Medium
6,4,3,0.75,65,Positive,103396,67,8,3,High
2,14,2,0.14285714285714285,33,Neutral,45578,63,4,2,Medium
1,10,4,0.4,32,Neutral,498050,73,4,0,Low
6,2,1,0.5,44,Negative,367052,68,8,5,Low
4,12,1,0.08333333333333333,47,Positive,310299,59,5,3,Low
10,1,0,0.0,48,Neutral,116348,99,4,4,Low
7,13,2,0.15384615384615385,70,Negative,470064,62,9,0,Low
7,13,8,0.6153846153846154,28,Negative,354427,57,8,2,Low
8,15,13,0.8666666666666667,66,Neutral,196249,97,7,3,High
4,7,6,0.8571428571428571,21,Neutral,195039,68,7,3,Low
10,14,12,0.8571428571428571,20,Negative,364876,60,9,3,High
9,6,1,0.16666666666666666,35,Negative,300797,58,6,3,Low
1,10,0,0.0,69,Neutral,258896,57,5,2,Low
5,1,1,1.0,25,Positive,307060,73,5,0,Low
10,7,5,0.7142857142857143,13,Positive,154142,99,6,5,Low
5,0,0,0.0,64,Neutral,84953,92,7,1,Medium
8,11,7,0.6363636363636364,41,Negative,395343,52,4,3,Medium
3,10,2,0.2,58,Positive,69815,89,4,0,Low
5,14,14,1.0,14,Neutral,148652,68,2,3,Low
8,5,4,0.8,60,Negative,487680,50,4,3,Medium
4,8,7,0.875,43,Negative,267585,58,7,4,Medium
3,15,1,0.06666666666666667,18,Positive,474169,67,5,4,Low
2,8,6,0.75,25,Neutral,491358,54,9,1,Medium
1,11,10,0.9090909090909091,26,Negative,471837,62,6,0,Medium
4,5,0,0.0,39,Positive,94838,93,7,5,High
7,3,2,0.6666666666666666,67,Negative,322395,81,7,4,Medium
3,14,12,0.8571428571428571,4,Negative,341000,55,1,1,Medium
1,13,13,1.0,7,Negative,44039,62,3,1,Low
9,9,1,0.1111111111111111,12,Negative,474141,91,8,2,Medium
1,15,8,0.5333333333333333,30,Neutral,226424,56,6,4,Medium
9,0,0,0.0,39,Neutral,416714,85,3,5,Low
7,4,2,0.5,49,Neutral,475347,58,3,2,Medium
8,15,0,0.0,33,Negative,475472,94,10,2,High
6,11,9,0.8181818181818182,34,Neutral,92762,70,7,0,Medium
9,8,5,0.625,47,Positive,368340,62,2,1,High
10,9,7,0.7777777777777778,70,Negative,378550,77,6,5,High
2,4,2,0.5,62,Positive,481464,92,8,0,Low
7,15,3,0.2,57,Negative,311643,99,6,2,Medium
6,9,4,0.4444444444444444,61,Neutral,421756,63,7,2,High
6,13,3,0.23076923076923078,68,Negative,159088,88,2,0,High
10,0,0,0.0,13,Positive,313971,79,7,1,Medium
8,15,14,0.9333333333333333,40,Neutral,102904,99,9,3,Medium
6,0,0,0.0,41,Negative,358097,76,3,4,Low
5,14,5,0.35714285714285715,18,Negative,402701,87,8,4,Low
10,2,0,0.0,5,Negative,274439,82,4,4,Medium
2,12,10,0.8333333333333334,71,Negative,51441,96,10,4,Medium
4,13,10,0.7692307692307693,14,Positive,408751,68,1,5,Medium
9,0,0,0.0,71,Neutral,175945,69,9,3,Medium
7,6,3,0.5,14,Positive,157247,71,3,2,High
6,12,12,1.0,53,Neutral,301496,71,6,5,Medium
1,14,4,0.2857142857142857,23,Neutral,38050,50,1,4,Low
6,13,4,0.3076923076923077,4,Negative,460795,87,9,2,High
5,6,5,0.8333333333333334,69,Neutral,238326,60,9,3,High
2,2,1,0.5,41,Positive,210718,88,5,2,Medium
6,11,3,0.2727272727272727,50,Negative,309871,99,1,3,Low
2,15,6,0.4,35,Neutral,390962,84,1,0,Medium
10,11,1,0.09090909090909091,18,Positive,359005,71,3,5,Medium
9,14,7,0.5,4,Negative,21668,98,6,1,Low
6,7,6,0.8571428571428571,11,Neutral,284333,74,1,5,High
7,11,3,0.2727272727272727,13,Positive,345013,78,4,2,High
5,3,0,0.0,13,Positive,68520,73,2,0,Medium
7,10,8,0.8,20,Positive,460445,86,3,4,High
8,6,6,1.0,49,Positive,185333,96,1,3,Low
6,3,3,1.0,17,Negative,360863,86,6,5,Medium
4,12,4,0.3333333333333333,20,Neutral,368363,59,4,4,Medium
3,13,9,0.6923076923076923,61,Positive,415170,51,7,3,Low
9,10,10,1.0,33,Neutral,92046,60,3,3,Medium
3,5,4,0.8,42,Neutral,474290,97,3,2,Low
3,13,10,0.7692307692307693,39,Positive,273152,60,4,0,Low
8,4,2,0.5,21,Positive,362486,56,3,1,Low
5,1,0,0.0,71,Negative,301725,86,2,4,Low
9,1,0,0.0,42,Positive,70899,60,5,2,High
1,11,3,0.2727272727272727,46,Positive,483384,63,8,4,Low
1,2,1,0.5,70,Negative,67124,54,2,4,High
7,13,7,0.5384615384615384,9,Positive,126028,54,4,0,Low
2,14,10,0.7142857142857143,56,Neutral,426424,99,4,5,Low
8,6,3,0.5,71,Neutral,241124,85,10,1,High
6,3,2,0.6666666666666666,41,Negative,141575,55,4,1,Medium
9,0,0,0.0,11,Negative,253729,50,10,1,High
3,5,0,0.0,44,Neutral,123975,100,2,2,High
5,14,4,0.2857142857142857,55,Positive,36889,99,2,2,High
9,11,3,0.2727272727272727,13,Negative,484007,92,6,4,High
4,11,0,0.0,43,Positive,420256,89,1,0,High
9,11,9,0.8181818181818182,43,Negative,241290,83,5,1,Medium
1,4,2,0.5,8,Neutral,52530,80,10,0,Low
2,7,3,0.42857142857142855,72,Negative,81803,92,10,2,Medium
6,2,2,1.0,11,Negative,444422,84,7,2,High
4,12,9,0.75,16,Neutral,75708,98,4,2,Medium
3,14,0,0.0,62,Negative,386149,55,1,3,High
1,11,6,0.5454545454545454,6,Positive,263625,75,6,3,High
5,11,1,0.09090909090909091,65,Neutral,34062,88,6,0,Medium
9,10,1,0.1,68,Positive,63134,55,5,4,Low
10,6,6,1.0,33,Positive,50129,53,5,4,Low
5,3,0,0.0,47,Positive,218293,83,9,2,Medium
6,5,3,0.6,67,Positive,285039,84,4,5,High
5,2,1,0.5,43,Neutral,186250,75,4,3,Medium
9,0,0,0.0,43,Positive,421873,91,10,4,Low
6,13,8,0.6153846153846154,64,Neutral,255591,88,6,2,Low
4,13,4,0.3076923076923077,17,Positive,406462,96,3,2,Medium
1,11,1,0.09090909090909091,16,Negative,416922,78,5,0,High
3,8,4,0.5,23,Neutral,152317,94,7,3,Medium
5,6,3,0.5,37,Positive,466634,75,9,1,High
7,11,8,0.7272727272727273,19,Neutral,467664,82,5,1,Low
9,9,5,0.5555555555555556,54,Negative,243520,59,6,4,Low
3,15,0,0.0,37,Neutral,284388,58,10,0,Low
3,2,0,0.0,60,Neutral,323961,91,4,2,Medium
10,0,0,0.0,10,Neutral,495999,75,2,5,Medium
7,1,1,1.0,58,Neutral,485433,95,1,4,Medium
10,14,9,0.6428571428571429,23,Negative,382443,80,5,1,Medium
3,4,1,0.25,31,Negative,65846,56,5,5,Medium
8,0,0,0.0,49,Neutral,258459,59,6,3,Low
4,2,2,1.0,64,Negative,244434,60,10,3,Low
6,13,10,0.7692307692307693,2,Positive,330985,76,6,2,Medium
5,2,2,1.0,27,Neutral,142392,100,2,2,High
4,7,4,0.5714285714285714,52,Neutral,195204,61,9,2,Low
6,15,3,0.2,2,Positive,76851,88,7,3,High
9,15,3,0.2,52,Negative,400676,67,7,5,High
7,7,6,0.8571428571428571,65,Neutral,296780,81,7,2,Medium
4,13,4,0.3076923076923077,11,Neutral,419598,93,6,3,Medium
2,0,0,0.0,18,Negative,41982,94,7,4,Low
5,5,1,0.2,52,Neutral,133066,96,9,2,Medium
3,15,7,0.4666666666666667,32,Neutral,465238,92,9,5,High
2,9,1,0.1111111111111111,14,Negative,494107,89,7,1,Low
5,11,11,1.0,67,Negative,197111,92,9,1,Low
10,13,6,0.46153846153846156,12,Neutral,267384,61,10,0,High
7,10,5,0.5,24,Negative,104387,60,4,2,High
4,9,2,0.2222222222222222,19,Negative,363606,96,5,4,Low
10,0,0,0.0,70,Positive,314753,55,8,5,Medium
9,3,2,0.6666666666666666,67,Positive,119657,85,10,1,Low
3,1,0,0.0,48,Neutral,388940,53,2,0,Low
7,1,0,0.0,67,Neutral,469131,94,5,0,Medium
8,10,0,0.0,39,Positive,330859,54,2,5,Medium
5,13,9,0.6923076923076923,17,Neutral,419644,100,1,0,Medium
5,0,0,0.0,2,Positive,200284,62,8,5,High
8,13,8,0.6153846153846154,16,Positive,267297,62,10,5,Low
2,12,11,0.9166666666666666,4,Neutral,346020,95,1,0,Medium
1,15,5,0.3333333333333333,37,Negative,231906,81,4,5,Medium
5,1,1,1.0,34,Neutral,458050,95,8,1,Low
4,5,0,0.0,50,Neutral,324685,80,7,2,Low
3,13,13,1.0,69,Neutral,248726,89,7,1,Medium
4,0,0,0.0,4,Negative,369767,96,6,0,Medium
9,12,0,0.0,68,Negative,256805,94,9,2,Low
8,10,2,0.2,68,Positive,499422,83,2,5,High
4,5,2,0.4,68,Positive,252421,70,5,4,Low
5,0,0,0.0,71,Positive,76744,61,6,4,Medium
9,1,0,0.0,67,Positive,490223,70,3,5,Low
1,8,2,0.25,51,Negative,76848,88,2,0,High
7,0,0,0.0,2,Negative,218718,53,1,5,Low
4,9,3,0.3333333333333333,24,Positive,298455,57,3,0,Medium
9,14,3,0.21428571428571427,14,Neutral,83381,94,1,3,Low
5,0,0,0.0,29,Positive,197628,53,6,1,High
3,1,0,0.0,22,Negative,383791,62,10,0,Low
7,9,8,0.8888888888888888,40,Neutral,429065,97,2,1,High
5,14,11,0.7857142857142857,34,Positive,345411,90,4,2,Low
2,10,3,0.3,69,Neutral,59949,72,3,0,Medium
1,3,1,0.3333333333333333,23,Negative,108307,84,8,4,High
5,8,4,0.5,59,Neutral,13031,61,8,0,High
7,11,11,1.0,38,Neutral,292806,79,4,2,Medium
2,2,2,1.0,12,Negative,427598,99,5,3,Medium
8,14,11,0.7857142857142857,15,Negative,373946,71,8,4,High
9,8,8,1.0,25,Positive,224572,56,7,5,Low
2,2,1,0.5,60,Positive,405790,81,9,3,Low
4,6,5,0.8333333333333334,18,Neutral,479372,63,3,5,Low
10,8,0,0.0,17,Neutral,355153,96,9,3,Medium
10,1,0,0.0,57,Negative,362551,76,9,4,Medium
9,11,9,0.8181818181818182,62,Positive,14255,52,10,1,Medium
2,11,5,0.45454545454545453,41,Neutral,456476,75,6,4,High
9,15,11,0.7333333333333333,46,Neutral,488251,78,3,2,Medium
9,14,14,1.0,4,Negative,473380,83,6,4,Medium
1,5,4,0.8,52,Negative,204961,69,5,4,Medium
8,3,3,1.0,20,Neutral,396691,96,8,1,Low
1,12,7,0.5833333333333334,20,Positive,370886,70,3,5,High
8,10,2,0.2,29,Positive,416991,60,3,3,Low
4,10,10,1.0,43,Negative,144001,84,8,2,Low
1,8,5,0.625,71,Positive,372735,54,3,2,Low
5,15,10,0.6666666666666666,56,Neutral,211430,96,4,0,Low
9,14,3,0.21428571428571427,4,Neutral,68238,79,1,3,Medium
7,11,11,1.0,40,Negative,198227,60,1,0,High
4,9,4,0.4444444444444444,33,Positive,396949,58,9,2,Low
6,6,3,0.5,7,Positive,236403,95,10,2,High
5,0,0,0.0,45,Positive,77119,64,4,4,High
4,1,0,0.0,45,Negative,238835,74,2,5,Low
6,3,0,0.0,30,Negative,396785,66,7,3,Medium
6,0,0,0.0,43,Negative,138754,93,2,0,High
7,13,12,0.9230769230769231,50,Positive,408069,97,3,0,Medium
1,7,5,0.7142857142857143,6,Neutral,373725,53,6,5,Medium
5,11,1,0.09090909090909091,33,Neutral,490911,97,9,1,Low
4,15,7,0.4666666666666667,69,Negative,402939,88,8,4,Medium
9,14,14,1.0,68,Positive,62701,91,8,0,High
